Resource ID,Group ID,Questions,Answer,Department,Category,Channels,Is Public,Status,Language,Associated Resource
"","","What products does Vasudha Pharma manufacture?","Vasudha Pharma Chem Limited is a leading global manufacturer specializing in 4 core categories: 1) Active Pharmaceutical Ingredients (APIs) across cardiovascular, CNS, and gastrointestinal therapeutics; 2) Advanced Pharma Intermediates; 3) Pellets & MUPS (Multi-Unit Particulate Systems); and 4) Piperidone Derivatives, where Vasudha is recognized as one of the largest manufacturers globally. Complete 150+ product catalog: https://vasudhapharma.com/products.html","vasudha pharma chem limited","Products","Website","true","Published","English",""
"","","What APIs are manufactured by Vasudha Pharma?","Our commercial API portfolio includes Amitriptyline HCl, Aripiprazole, Bepotastine Besilate, Clopidogrel Bisulphate, Cyclobenzaprine HCl, Dabigatran Etexilate Mesylate, Desloratadine, Dexlansoprazole, Dimethyl Fumarate, Donepezil HCl, Ebastine, Esomeprazole Magnesium Trihydrate, Febuxostat, Fexofenadine HCl, Flunarizine Di HCl, Itraconazole, Lacosamide, Loperamide HCl, Loratadine, Losartan Potassium, Mebeverine HCl, Mirabegron, Olmesartan Medoxomil, Pantoprazole Sodium, Pregabalin, Quetiapine Fumarate, Rivaroxaban, Rupatadine Fumarate, Sacubitril Sodium, Tamsulosin HCl, Telmisartan, Valsartan, and Vonoprazan Fumarate. Detailed specifications and DMF statuses: https://vasudhapharma.com/apis.html","vasudha pharma chem limited","Products","Website","true","Published","English",""
"","","Does Vasudha Pharma offer Pellets & MUPS?","Yes, Vasudha Pharma produces high-precision Pellets and MUPS (Multi-Unit Particulate Systems) including Esomeprazole (Micro/MUPS), Omeprazole, Lansoprazole, Pantoprazole, Rabeprazole, Duloxetine HCl, Venlafaxine, Itraconazole, Aprepitant, Dabigatran, Mesalamine, and Metoprolol Succinate MUPS with controlled, enteric, and sustained release profiles. Visit https://vasudhapharma.com/pellets.html for full details.","vasudha pharma chem limited","Products","Website","true","Published","English",""
"","","What are Vasudha Pharma capabilities in Piperidone chemistry?","Vasudha Pharma is one of the worlds largest manufacturers of Piperidone Derivatives. Our commercial offerings include N-Methyl-4-piperidone, 4-Benzyl-4-hydroxypiperidine, N-Carbethoxy-4-piperidone, N-Benzyl-4-piperidone, 4-Hydroxypiperidine, 4-Aminopiperidine, 1,4-Bipiperidine dihydrochloride, and customized building blocks for API synthesis globally. Visit https://vasudhapharma.com/piperidone-derivatives.html.","vasudha pharma chem limited","Products","Website","true","Published","English",""
"","","Does Vasudha Pharma offer Custom Synthesis and CDMO / CMO services?","Yes. Vasudha Pharma provides end-to-end Contract Development and Manufacturing Organization (CDMO / CMO) solutions from milligram-scale route scouting and impurity profiling in our DSIR-recognized R&D centers to multi-ton commercial manufacturing across our USFDA-inspected manufacturing plants. Submit your requirement on https://vasudhapharma.com/cmo-cdmo.html or email info@vasudhapharma.com.","vasudha pharma chem limited","Services","Website","true","Published","English",""
"","","What regulatory approvals and accreditations does Vasudha Pharma hold?","Vasudha Pharma manufacturing facilities operate in strict compliance with current Good Manufacturing Practices (cGMP). Our key plants are inspected and approved by global health authorities including USFDA (United States), PMDA (Japan), EDQM / CEP (Europe), WHO-GMP, KFDA (South Korea), and Cofepris (Mexico). We also maintain ISO 9001, ISO 14001, and ISO 45001 certifications. Details: https://vasudhapharma.com/statutory-regulations.html","vasudha pharma chem limited","Quality & Compliance","Website","true","Published","English",""
"","","Where are Vasudha Pharma manufacturing units located?","Vasudha Pharma operates multi-purpose manufacturing campuses across Andhra Pradesh and Telangana, India: Unit-1 (Jeedimetla, Hyderabad), Unit-2, Unit-3, Unit-4, and Unit-5 in Jawaharlal Nehru Pharma City (JNPC), Parawada, Visakhapatnam, and Shriram Chlorochem. Together, they house over 1,500+ KL reactor volume with cleanrooms (Class 100,000 / ISO Class 8). Full footprint: https://vasudhapharma.com/manufacturing.html","vasudha pharma chem limited","Facilities","Website","true","Published","English",""
"","","What recent awards has Vasudha Pharma received?","In 2026, Vasudha Pharma Unit-2 (Visakhapatnam / JNPC) received the prestigious Best Management Award from the Government of Andhra Pradesh for industrial relations, safety standards, and compliance. Additionally, VPCL was honored with the Best API Manufacturing Factory Award by the Government of Telangana for operational excellence and quality leadership. View updates: https://vasudhapharma.com/events.html","vasudha pharma chem limited","Company Overview","Website","true","Published","English",""
"","","How can I request a commercial quotation or product sample?","You can request a commercial price quotation (RFQ) or analytical sample directly by visiting our Contact Page (https://vasudhapharma.com/contact.html), selecting Marketing under Department, and choosing your product and volume. Alternatively, add molecules to your RFQ Cart from our product tables or email domesticsales@vasudhapharma.com (India) or internationalsales@vasudhapharma.com (Global).","vasudha pharma chem limited","Sales & Inquiries","Website","true","Published","English",""
"","","How can I apply for a job or career opportunity at Vasudha Pharma?","You can view all current vacancies and job openings across Production, QC, QA, R&D, and Regulatory Affairs on our Careers Portal: https://vasudhapharma.com/careers.html#openings. You can also email your resume directly to our Talent Acquisition team at hr@vasudhapharma.com.","vasudha pharma chem limited","Careers","Website","true","Published","English",""
"","","What is Vasudha Pharma Corporate Governance and Vigil Mechanism Policy?","Vasudha Pharma maintains a strict zero-tolerance policy against unethical conduct, fraud, or cGMP violations. Employees, vendors, and stakeholders can submit confidential protected disclosures directly to our Vigilance Officer via email at ccollaboration@vasudhapharma.com. Read the policy: https://vasudhapharma.com/vigil-mechanism.html.","vasudha pharma chem limited","Corporate Governance","Website","true","Published","English",""
"","","What are the CSR initiatives of the Vasudha Foundation?","The Vasudha Foundation conducts social impact programs focusing on: 1) Rural Community Healthcare and medical camps; 2) Educational support and scholarships; 3) Clean drinking water and sanitation; and 4) Environmental greening. Learn more: https://vasudhapharma.com/csr-policy.html.","vasudha pharma chem limited","CSR & Foundation","Website","true","Published","English",""
"","","How can I contact Vasudha Pharma corporate office?","Corporate Office: Plot No. 78, Jawaharlal Nehru Pharma City, Parawada, Visakhapatnam - 531021, Andhra Pradesh, India. Administrative & Marketing Office: Hyderabad, Telangana, India. Phone: +91-40-44778899. Email: info@vasudhapharma.com (General), domesticsales@vasudhapharma.com (Domestic Sales), internationalsales@vasudhapharma.com (Global Exports). Web form: https://vasudhapharma.com/contact.html.","vasudha pharma chem limited","Contact","Website","true","Published","English",""