"Question","Answer","Category","Keywords"
"What products does Vasudha Pharma manufacture?","Vasudha Pharma Chem Limited is a leading global manufacturer specializing in 4 core categories: 1) Active Pharmaceutical Ingredients (APIs) across therapeutic areas like cardiovascular, CNS, anti-histamines, and gastrointestinal; 2) Advanced Pharma Intermediates; 3) Pellets & MUPS (Multi-Unit Particulate Systems); and 4) Piperidone Derivatives, where Vasudha is recognized as one of the largest manufacturers globally. You can browse our complete 150+ product catalog on our Products page: https://vasudhapharma.com/products.html","Products","products, catalog, APIs, intermediates, pellets, piperidone, portfolio"
"What APIs are manufactured by Vasudha Pharma?","Our commercial API portfolio includes Amitriptyline HCl, Aripiprazole, Bepotastine Besilate, Clopidogrel Bisulphate, Cyclobenzaprine HCl, Dabigatran Etexilate Mesylate, Desloratadine, Dexlansoprazole, Dimethyl Fumarate, Donepezil HCl, Ebastine, Esomeprazole Magnesium Trihydrate, Febuxostat, Fexofenadine HCl, Flunarizine Di HCl, Itraconazole, Lacosamide, Loperamide HCl, Loratadine, Losartan Potassium, Mebeverine HCl, Mirabegron, Olmesartan Medoxomil, Pantoprazole Sodium, Pregabalin, Quetiapine Fumarate, Rivaroxaban, Rupatadine Fumarate, Sacubitril Sodium, Tamsulosin HCl, Telmisartan, Valsartan, and Vonoprazan Fumarate. Detailed specifications and DMF statuses are available on our APIs page: https://vasudhapharma.com/apis.html","Products","APIs, active ingredients, list of APIs, bulk drugs"
"Does Vasudha Pharma offer Pellets & MUPS?","Yes, Vasudha Pharma produces high-precision Pellets and MUPS (Multi-Unit Particulate Systems) including Esomeprazole (Micro/MUPS), Omeprazole, Lansoprazole, Pantoprazole, Rabeprazole, Duloxetine HCl, Venlafaxine, Itraconazole, Aprepitant, Dabigatran, Mesalamine, and Metoprolol Succinate MUPS with controlled, enteric, and sustained release profiles. Visit https://vasudhapharma.com/pellets.html for full details.","Products","pellets, MUPS, micro pellets, delayed release, sustained release"
"What are Vasudha Pharma's capabilities in Piperidone chemistry?","Vasudha Pharma is one of the world's largest manufacturers of Piperidone Derivatives. Our commercial offerings include N-Methyl-4-piperidone, 4-Benzyl-4-hydroxypiperidine, N-Carbethoxy-4-piperidone, N-Benzyl-4-piperidone, 4-Hydroxypiperidine, 4-Aminopiperidine, 1,4'-Bipiperidine dihydrochloride, and customized piperidine building blocks for API synthesis globally. Visit https://vasudhapharma.com/piperidone-derivatives.html.","Products","piperidone, piperidine derivatives, n-methyl-4-piperidone"
"Does Vasudha Pharma offer Custom Synthesis and CDMO / CMO services?","Yes. Vasudha Pharma provides end-to-end Contract Development and Manufacturing Organization (CDMO / CMO) solutions—from milligram-scale route scouting and impurity profiling in our DSIR-recognized R&D centers to multi-ton commercial manufacturing across our USFDA-inspected manufacturing plants. Submit your CDMO requirement on https://vasudhapharma.com/cmo-cdmo.html or email us directly.","Services","CDMO, CMO, custom synthesis, contract manufacturing, tech transfer"
"What regulatory approvals and accreditations does Vasudha Pharma hold?","Vasudha Pharma's manufacturing facilities operate in strict compliance with current Good Manufacturing Practices (cGMP). Our key plants are inspected and approved by global health authorities including: USFDA (United States), PMDA (Japan), EDQM / CEP (Europe), WHO-GMP, KFDA (South Korea), and Cofepris (Mexico). We also maintain ISO 9001 (Quality), ISO 14001 (Environment), and ISO 45001 (Occupational Health & Safety) certifications. Details: https://vasudhapharma.com/statutory-regulations.html","Quality & Compliance","regulatory, USFDA, FDA, PMDA, WHO GMP, EDQM, CEP, ISO, accreditations"
"Where are Vasudha Pharma's manufacturing units located?","Vasudha Pharma operates multi-purpose manufacturing campuses across Andhra Pradesh and Telangana, India: Unit-1 (Jeedimetla, Hyderabad), Unit-2, Unit-3, Unit-4, and Unit-5 located in Jawaharlal Nehru Pharma City (JNPC), Parawada, Visakhapatnam, and Shriram Chlorochem. Together, they house over 1,500+ KL reactor volume with cleanrooms (Class 100,000 / ISO Class 8). Full footprint: https://vasudhapharma.com/manufacturing.html","Facilities","manufacturing plants, locations, units, Vizag, Hyderabad, JNPC, factory"
"What recent awards has Vasudha Pharma received?","In 2026, Vasudha Pharma Unit-2 (Visakhapatnam / JNPC) received the prestigious Best Management Award from the Government of Andhra Pradesh for excellence in industrial relations, safety standards, and compliance. Additionally, VPCL was honored with the Best API Manufacturing Factory Award by the Government of Telangana for operational excellence and quality leadership. View updates: https://vasudhapharma.com/events.html","Company Overview","awards, best management award, telangana award, recognition"
"How can I request a commercial quotation or product sample?","You can request a commercial price quotation (RFQ) or analytical/pilot sample directly by visiting our Contact Page (https://vasudhapharma.com/contact.html), selecting 'Marketing' under Department, and choosing your product and desired volume. Alternatively, add multiple molecules to your RFQ Cart from our product tables or email domesticsales@vasudhapharma.com (India) or internationalsales@vasudhapharma.com (Global).","Sales & Inquiries","quotation, RFQ, price, sample, buy API, bulk purchase, MOQ"
"How can I apply for a job or career opportunity at Vasudha Pharma?","You can view all current vacancies and job openings across Production, Quality Control (QC), Quality Assurance (QA), R&D, and Regulatory Affairs on our Careers Portal: https://vasudhapharma.com/careers.html#openings. You can also email your CV/resume directly to our Talent Acquisition team at hr@vasudhapharma.com.","Careers","careers, jobs, openings, vacancy, hiring, HR, submit resume"
"What is Vasudha Pharma's Corporate Governance and Vigil Mechanism Policy?","Vasudha Pharma maintains a strict zero-tolerance policy against unethical conduct, fraud, or violations of cGMP. Employees, vendors, and stakeholders can submit confidential protected disclosures directly to our Vigilance Officer via email at ccollaboration@vasudhapharma.com. Read the policy: https://vasudhapharma.com/vigil-mechanism.html.","Corporate Governance","vigil mechanism, whistleblower, corporate governance, grievance"
"What are the CSR initiatives of the Vasudha Foundation?","The Vasudha Foundation conducts social impact programs focusing on: 1) Rural Community Healthcare and medical camps; 2) Educational infrastructure and scholarships; 3) Clean drinking water and sanitation; and 4) Environmental greening. Learn more: https://vasudhapharma.com/csr-policy.html.","CSR & Foundation","CSR, foundation, charity, rural health, education"
"How can I contact Vasudha Pharma?","Corporate Office: Plot No. 78, Jawaharlal Nehru Pharma City, Parawada, Visakhapatnam - 531021, Andhra Pradesh, India. Administrative & Marketing Office: Hyderabad, Telangana, India. Phone: +91-40-44778899. Email: info@vasudhapharma.com (General), domesticsales@vasudhapharma.com (Domestic Sales), internationalsales@vasudhapharma.com (Global Exports). Web form: https://vasudhapharma.com/contact.html.","Contact","contact, phone, email, address, office, location"
